BookRestaurant	 	i need a table at eddie s attic in nevada for one	E
AddToPlaylist	 	can you add last of the ghetto astronauts to the playlist called black sabbath the dio years	E
PlayMusic	 	please play a movement from george formby jr 	E
GetWeather	 	what is the forecast for colder temps beginning on law day here	E
AddToPlaylist	 	add this artist to my electronic bliss playlist	E
GetWeather	 	is there a storm now in nc	E
AddToPlaylist	 	add toyan to my epic gaming playlist 	E
GetWeather	 	will it be rainy in tenino	E
SearchCreativeWork	 	wish to see the photograph with the name live: right here	E
AddToPlaylist	 	add a very cellular song to masters of metal playlist	E
PlayMusic	 	i want to hear anything from the rock symphonique genre please 	E
GetWeather	 	what will the weather be here on dec  7th	E
AddToPlaylist	 	add tierney sutton to my novedades viernes sudamérica playlist	E
SearchCreativeWork	 	wish to find the movie the heart beat	E
GetWeather	 	how s the weather at petit manan national wildlife refuge and nearby right now	E
SearchCreativeWork	 	find me the novel with the name to lose my life …	E
BookRestaurant	 	i want to book a restaurant for my father in law and i in buckner a year from now 	E
SearchCreativeWork	 	search for the game difficult loves	E
AddToPlaylist	 	add martin barre to my punk unplugged playlist 	E
GetWeather	 	will it be rainy at sunrise in ramey saudi arabia	E
BookRestaurant	 	book a restaurant for six at an outdoor cafe in åland	E
PlayMusic	 	play subconscious lobotomy from jennifer paull 	E
BookRestaurant	 	book me a reservation for a pub in cormorant for a party of nine	E
PlayMusic	 	play some anneliese van der pol from the thirties on groove shark	E
PlayMusic	 	can you put on like a hurricane by paul landers	E
SearchCreativeWork	 	please search for the journal of official statistics show 	E
BookRestaurant	 	book a reservation for nine people at the best pub nearby tangier in six months	E
BookRestaurant	 	book me a reservation for a party of 3 at a pub in northern mariana islands	E
SearchCreativeWork	 	search for appalachian journey	E
SearchCreativeWork	 	please fine me the tv series  now we are married 	E
GetWeather	 	what is the forecast in admire in tx starting at seventeen 	E
PlayMusic	 	play something on last fm	E
PlayMusic	 	play music off netflix 	E
BookRestaurant	 	book spot for 4 in somalia	E
GetWeather	 	overcast on state holiday in pawling nature reserve  and neighboring places	E
BookRestaurant	 	book a restaurant reservation in 6 weeks	E
AddToPlaylist	 	put petar georgiev kalica onto the old school hip hop playlist 	E
AddToPlaylist	 	add the song to the mac  n cheese playlist 	E
GetWeather	 	will the sun be out in 1 minute in searcy  uganda	E
AddToPlaylist	 	add abacab to beryl s party on fridays playlist	E
SearchCreativeWork	 	can you get me the controlled conversations tv series	E
SearchCreativeWork	 	look for the television show meet the prince	E
SearchCreativeWork	 	please find me the classified book 	E
GetWeather	 	what is the weather forecast for burundi	E
BookRestaurant	 	book a reservation for me and my step brother at amt coffee in lakemoor	E
AddToPlaylist	 	add brazilian flag anthem to top 100 alternative tracks on spotify	E
PlayMusic	 	play paul mccartney	E
PlayMusic	 	play trance life on zvooq 	E
PlayMusic	 	open deezer and play curtain call: the hits by junichi okada 	E
SearchCreativeWork	 	look for the album slave to the grind	E
GetWeather	 	will it be colder in virgin islands national park	E
BookRestaurant	 	i want to book oregon electric station in north city 	E
SearchCreativeWork	 	can you find me the national anthem of the ancient britons television show	E
BookRestaurant	 	i want to book a restaurant for five people in sri lanka 	E
GetWeather	 	will there be a blizzard next winter in visalia  idaho	E
AddToPlaylist	 	add the boy george track to the emo forever playlist 	E
PlayMusic	 	play some movement from the fourties	E
AddToPlaylist	 	add digging now to my young at heart playlist	E
PlayMusic	 	go to itunes and play dr  lecter by david hodges	E
BookRestaurant	 	i want to book a jewish restaurant in gambia 	E
GetWeather	 	what is the weather going to be like in virginia on st  patrick s day	E
BookRestaurant	 	i want to book a sundanese gastropub nearby in texas for 3 people on 5/20/2025 	E
AddToPlaylist	 	i need to add to my infinite indie folk list the works of rahim shah	E
SearchCreativeWork	 	can you find me  hey man	E
BookRestaurant	 	book spot for 7 at an indoor restaurant in mp now	E
GetWeather	 	will it be hot at 13:19 in de funiak springs serbia and montenegro	E
AddToPlaylist	 	to the travelling playlist  please add this david gahan song 	E
SearchCreativeWork	 	can you find me the work titled music for millions	E
GetWeather	 	what is the rain forecast for one hour from now in south korea	E
GetWeather	 	tell me the forecast for 6 am in tatra-nationalpark	E
PlayMusic	 	play some new les vandyke on slacker	E
BookRestaurant	 	i want to book a churrascaria in romeoville at ten a m for four people 	E
BookRestaurant	 	i want to book a joint close by the naomi s hostel for a meal for 8 people 	E
BookRestaurant	 	i want to book a restaurant in niger for seven people 	E
PlayMusic	 	play an album from nithyasree mahadevan 	E
PlayMusic	 	play a song by rahsaan patterson 	E
BookRestaurant	 	book a reservation for 8 people in wardville  kansas	E
GetWeather	 	what s the weather like in tyonek  new jersey	E
SearchCreativeWork	 	please find me the video game titled 20 hours in america 	E
AddToPlaylist	 	add this artist to fairy tales playlist	E
BookRestaurant	 	book a table on 1/20/2023 for 5 people in mh	E
AddToPlaylist	 	add roel van velzen to my party of the century playlist 	E
SearchCreativeWork	 	find me a tv show called baby blue	E
SearchCreativeWork	 	need a creative work called hit by love	E
SearchCreativeWork	 	please search for switched 	E
SearchCreativeWork	 	can you look up the molecular oncology saga	E
PlayMusic	 	use groove shark to play music	E
PlayMusic	 	use the last fm service to play a mis niños de 30	E
SearchCreativeWork	 	please help me search the hell money saga 	E
SearchCreativeWork	 	please search for the tv show  the best of white lion 	E
BookRestaurant	 	book a reservation for my babies and i	E
AddToPlaylist	 	can you add the current tune to my calm before the storm playlist	E
GetWeather	 	tell me the weather forecast here	E
BookRestaurant	 	book a reservation for 10 people at an oyster bar with a pool within the same area of cowansburg for 10 pm	E
GetWeather	 	what is the forecast for la for freezing 	E
AddToPlaylist	 	please add this track by paul mcguigan to the deep house playlist 	E
AddToPlaylist	 	add the album to my flow español playlist 	E
AddToPlaylist	 	add farhad darya songs in virales de siempre	E
PlayMusic	 	play the newest melody on last fm by eddie vinson 	E
AddToPlaylist	 	add tommy johnson to the metalsucks playlist	E
AddToPlaylist	 	add muzika za decu to my crash course playlist	E
GetWeather	 	what will the weather be faraway from here	E
BookRestaurant	 	book a spot for 4 in oklahoma at south street diner	E
PlayMusic	 	can you play a j  pero on groove shark	E
AddToPlaylist	 	add jerry calliste  jr to my te quiero playlist 	E
BookRestaurant	 	book a reservation for a restaurant not far from ma	E
PlayMusic	 	play the most popular puretone	E
SearchCreativeWork	 	please search the live from leeds album 	E
GetWeather	 	what is the forecast for wyoming at stanardsville during the storm	E
AddToPlaylist	 	add this album to old school death metal	E
PlayMusic	 	let me hear chris knight music	E
AddToPlaylist	 	add our little corner of the world music from gilmore girls to my the funny thing about football is playlist 	E
SearchCreativeWork	 	find the creative work the devil in stitches	E
SearchCreativeWork	 	look for the tv series jersey boys	E
SearchCreativeWork	 	can you find me the ridiculous 6 book	E
AddToPlaylist	 	add the matt murphy tune to the flow español playlist 	E
GetWeather	 	what is the forecast for beginning on nov  17 for franklinville	E
GetWeather	 	what kind of weather is forecast in ms now	E
GetWeather	 	what will the weather be in north carolina	E
PlayMusic	 	play seventies music please 	E
PlayMusic	 	play something from 2004 by imogen heap on spotify	E
SearchCreativeWork	 	can you please find me the harry hood saga	E
AddToPlaylist	 	i need to add baro ferret to the urban hits under my name	E
SearchCreativeWork	 	please search for the painting titled this is the night 	E
PlayMusic	 	play a sixties soundtrack	E
SearchCreativeWork	 	please look up the johnny english - la rinascita painting 	E
BookRestaurant	 	i want to book a top-rated restaurant close by in la for me  rebecca and loraine on 2/6/2020 	E
SearchCreativeWork	 	find the album orphan girl at the cemetery	E
PlayMusic	 	i want to hear soundtrack music on youtube from helena iren michaelsen	E
SearchCreativeWork	 	look for the album wolves within	E
GetWeather	 	will it be colder here in 48 and a half weeks	E
GetWeather	 	what is the overcast forecast for the current position starting on jul  19  2030	E
AddToPlaylist	 	add the album to the hipster soul playlist 	E
SearchCreativeWork	 	get me the procession of ants tv show 	E
SearchCreativeWork	 	can you find me cracks the safe	E
AddToPlaylist	 	add recalled to life to this is alejandro fernández	E
BookRestaurant	 	book spot for two at city tavern	E
BookRestaurant	 	please book me a restaurant	E
BookRestaurant	 	book a reservation for a bar with a spa nearby id	E
PlayMusic	 	play chant by nigger kojak on itunes	E
PlayMusic	 	let s hear good mohammad mamle on vimeo 	E
PlayMusic	 	play a symphony from 2013 	E
AddToPlaylist	 	add a derek watkins tune to this is johnny cash	E
BookRestaurant	 	i need a table for 5 at a highly rated gastropub in concord mn	E
AddToPlaylist	 	i d like to have this track onto my classical relaxations playlist 	E
PlayMusic	 	play all things must pass 	E
PlayMusic	 	play the top twenty hisham abbas on youtube	E
GetWeather	 	what is the forecast for here for blizzard conditions at five pm	E
PlayMusic	 	play the best becca	E
BookRestaurant	 	i want to book a steakhouse in vimy ridge 	E
SearchCreativeWork	 	find the television show to me	E
GetWeather	 	humidity in olvey new hampshire	E
GetWeather	 	what s the weather going to be in ut	E
BookRestaurant	 	phyllis ward and veronica need a table at a restaurant in 152 days	E
AddToPlaylist	 	i d like to add jordan rudess onto the divertido para niños playlist 	E
GetWeather	 	what is the forecast for lansford for temperate weather	E
PlayMusic	 	i want to hear leroi moore on vimeo   play the song chance of a lifetime 	E
BookRestaurant	 	lets eat near oakfield 17 seconds from now at ted peters famous smoked fish	E
SearchCreativeWork	 	looking for a novel called death march	E
PlayMusic	 	play music by joy nilo 	E
PlayMusic	 	play another passenger from louis nelson delisle 	E
PlayMusic	 	nineties songs on zvooq	E
SearchCreativeWork	 	find the creative work deadly weapons	E
BookRestaurant	 	i want to eat a delicatessen in thirteen hours that serves eastern european food	E
GetWeather	 	tell me the weather forecast for gibsland	E
GetWeather	 	what will the weather be in ohio	E
SearchCreativeWork	 	please find me the work  serious awesomeness 	E
AddToPlaylist	 	add the current track to my this is tchaikovsky playlist	E
AddToPlaylist	 	can i put this tune onto my sin estrés playlist	E
BookRestaurant	 	book me a table for 5 this year at cherwell boathouse	E
PlayMusic	 	play a john maher track	E
GetWeather	 	what will the weather be in nov  in brookneal	E
PlayMusic	 	please play something good from u-roy   any song from 1975 on zvooq will do 	E
BookRestaurant	 	i need a table for 4 in saint helena at settha palace hotel	E
SearchCreativeWork	 	please get me the henderson kids saga 	E
GetWeather	 	what will the weather be in milleville beach	E
GetWeather	 	will it be hotter in pr at 23 o clock	E
SearchCreativeWork	 	please find me the journal of the british astronomical association movie 	E
BookRestaurant	 	book a table for 12 am  at our step mother s secondary residence within walking distance for one	E
GetWeather	 	will there be a storm in gibsonia at 8 p m	E
BookRestaurant	 	i would like to book a restaurant for souvlaki cuisine in the state of ne	E
AddToPlaylist	 	add the track to the work playlist 	E
AddToPlaylist	 	add annesley malewana album to playlist indietronic	E
AddToPlaylist	 	i d like for you to add bobby brown to my enamorándose playlist 	E
AddToPlaylist	 	add the album to my club hits playlist 	E
BookRestaurant	 	i would like to book a restaurant in tanzania that is within walking distance for my mom and i	E
BookRestaurant	 	book spot for my nieces and i at a tea house	E
AddToPlaylist	 	add kent james to the disney soundtrack 	E
GetWeather	 	will it be colder four months from now in suwanee ak	E
BookRestaurant	 	i want to book a brasserie for 3 people in netherlands antilles 	E
AddToPlaylist	 	put the artist onto top latin alternative 	E
AddToPlaylist	 	add a track to jazzy dinner	E
PlayMusic	 	play something from 90s pop rock essentials	E
GetWeather	 	what is the weather going to be like in benton colorado in 2 and a half months	E
PlayMusic	 	play some symphony music from david lindley 	E
PlayMusic	 	play music from e-type 	E
GetWeather	 	what is the weather here	E
AddToPlaylist	 	add jack white to my playlist this is shakira	E
SearchCreativeWork	 	please get me the dead soul saga 	E
AddToPlaylist	 	add ted heath to the road trip playlist 	E
PlayMusic	 	play something by duke ellington from the seventies	E
PlayMusic	 	i want to listen to something on youtube	E
SearchCreativeWork	 	look for the show v-the new mythology suite	E
AddToPlaylist	 	add andy hunter to my evening commute playlist 	E
SearchCreativeWork	 	can you find me the blue spring trailer	E
BookRestaurant	 	please book me a table at a bistro which serves lorna doone 	E
AddToPlaylist	 	add the album to the the sweet suite playlist 	E
PlayMusic	 	play jill sobule album	E
GetWeather	 	what is the forecast in nicodemus and nearby	E
GetWeather	 	what is the forecast for turtle islands national park	E
SearchCreativeWork	 	looking for the picture with the name of who made stevie crye	E
GetWeather	 	what is the forecast for hotter weather at southford falls state park	E
PlayMusic	 	play music from 1996 	E
BookRestaurant	 	i want to book a restaurant for ten people 	E
BookRestaurant	 	i want to book albany pump station in buckholts washington now for a party of 9 	E
GetWeather	 	what will the weather be in sarygamyş sanctuary on august 21  2035	E
PlayMusic	 	proceed with hitomi nabatame music from 2003 	E
GetWeather	 	what s the weather in benton city	E
AddToPlaylist	 	can you put this song from yutaka ozaki onto my this is miles davis playlist	E
GetWeather	 	how much colder will it be not far from utah around 3 am	E
AddToPlaylist	 	add the famous flower of serving-men to my evening acoustic playlist 	E
BookRestaurant	 	book a reservation for an osteria restaurant for 4 people on november 4	E
AddToPlaylist	 	add the track to the drum & breaks playlist 	E
SearchCreativeWork	 	please help me find  bend it like beckham the musical 	E
SearchCreativeWork	 	please look up the work  prophets 	E
PlayMusic	 	let s hear stuff from andrew hewitt 	E
PlayMusic	 	i want to hear them from the artist murcof	E
GetWeather	 	will it be chilly in weldona	E
PlayMusic	 	let me hear the good songs from james iha	E
BookRestaurant	 	book spot for 9 at thurmont	E
AddToPlaylist	 	for my fantastic workout can you add sara bareilles	E
BookRestaurant	 	book sot for me and my grandfather nearby west reading	E
AddToPlaylist	 	add this artist to showstopper being mary jane	E
PlayMusic	 	open itunes and play ben burnley ready to die	E
PlayMusic	 	play music from lynn & wade llp 	E
PlayMusic	 	play this is: miles davis on lastfm 	E
AddToPlaylist	 	add the artist to my dishwashing playlist 	E
AddToPlaylist	 	add this artist to my spotlight on country 2016 playlist	E
AddToPlaylist	 	add porter wagoner to the the sleep machine waterscapes playlist 	E
GetWeather	 	when is sunrise for ar	E
GetWeather	 	what s the forecast for sep  26 in emerado saint pierre and miquelon	E
AddToPlaylist	 	add the album to the hot 50 playlist 	E
BookRestaurant	 	book spot for mavis  sheila and i in syria at elevenses	E
BookRestaurant	 	i want a table at james d  conrey house in urbank california	E
SearchCreativeWork	 	please find me the olympia 74 soundtrack 	E
GetWeather	 	what is the weather forecast nearby nicodemus	E
AddToPlaylist	 	add the artist pete murray to my relaxing playlist	E
AddToPlaylist	 	add lofty fake anagram to the la mejor música de bso playlist 	E
GetWeather	 	will it be warmer in north korea at nineteen o clock	E
GetWeather	 	tell me the weather forecast for ut on thursday	E
GetWeather	 	what will the weather be in ky on oct  16  2036	E
GetWeather	 	need weather for parc national tolhuaca to see if it will be fog today	E
SearchCreativeWork	 	looking for a painting with the title with you	E
SearchCreativeWork	 	find the tv show the daydreamer	E
BookRestaurant	 	book spot for 9	E
BookRestaurant	 	i want to book a joint in a  spa 	E
PlayMusic	 	play dance with the devil by mr  lordi	E
GetWeather	 	what is the forecast for starting at three a m in two buttes for warm weather	E
PlayMusic	 	please play my ecstatic playlist 	E
BookRestaurant	 	i want to eat in ramona	E
AddToPlaylist	 	add this song by too poetic to my piano ballads playlist	E
AddToPlaylist	 	add a song to my playlist madden nfl 16	E
SearchCreativeWork	 	looking for a song with the title of live at the kings center	E
BookRestaurant	 	i want to book a restaurant close-by in inman for five people 	E
PlayMusic	 	i want to hear a seventies sound track 	E
GetWeather	 	what is the cold condition of our current position for tomorrow	E
SearchCreativeWork	 	please search the game atla: all this life allows 	E
BookRestaurant	 	book a table near pat s college	E
BookRestaurant	 	book a popular restaurant for 5 people	E
AddToPlaylist	 	add ireland in the junior eurovision song contest 2015 to my jazzy dinner playlist	E
AddToPlaylist	 	put jean philippe goncalves onto my running to rock 170 to 190 bpm 	E
BookRestaurant	 	i need a table for 4 please confirm the reservation 	E
PlayMusic	 	play anything jd natasha did in the thirties	E
SearchCreativeWork	 	please get me the compulsive disclosure song 	E
AddToPlaylist	 	add a track to playlist cena con amigos	E
GetWeather	 	let me know the weather forecast around ten pm faraway from here in park narodowy brimstone hill fortress 	E
BookRestaurant	 	book a spot for me and kathrine  at smithville	E
PlayMusic	 	play a good ep from the eighties by peter murphy 	E
AddToPlaylist	 	add nuba to my metal party playlist	E
PlayMusic	 	let s play jamie robertson s handover on vimeo 	E
GetWeather	 	what s the weather in fox chapel	E
BookRestaurant	 	book a gastropub that serves turkish food for 4 people	E
AddToPlaylist	 	i d like for kasey chambers s tune to be an addition to my chips and salsa playlist 	E
PlayMusic	 	play a fifties album from dj yoda on last fm 	E
BookRestaurant	 	book a reservation for nine people at a bakery in nunez	E
SearchCreativeWork	 	i m looking for welcome to the canteen	E
BookRestaurant	 	i would like to book a highly rated restaurant for a party of ten 	E
PlayMusic	 	play some sixties songs on google music	E
BookRestaurant	 	book the best table in tanzania for 5 people at a diner	E
SearchCreativeWork	 	find the creative work face down	E
SearchCreativeWork	 	can you search the book  paris - when it sizzles	E
BookRestaurant	 	book a reservation for ten at a restaurant in ohio	E
AddToPlaylist	 	add emilie autumn to my nação reggae playlist 	E
AddToPlaylist	 	add the song to my we everywhere playlist	E
SearchCreativeWork	 	please look up the tv show  vanity 	E
GetWeather	 	what will the weather be in hialeah gardens on october the 24th	E
SearchCreativeWork	 	i wish to watch the fold trailer  please search 	E
GetWeather	 	tell me the weather forecast here	E
GetWeather	 	what kind of weather will be in ukraine one minute from now	E
PlayMusic	 	play some seventies filipp kirkorow	E
SearchCreativeWork	 	can you find me the free for all show	E
GetWeather	 	what will the humidity be in the current spot at 15:19:29	E
SearchCreativeWork	 	can you find the creative works associated with caryl & marilyn: real friends	E
PlayMusic	 	live in l a joseph meyer please	E
BookRestaurant	 	book a party of five at seagoville for 06:42	E
PlayMusic	 	play an ep from mike harding 	E
BookRestaurant	 	i want to book a restaurant for six people in wagstaff ak 	E
SearchCreativeWork	 	find me the soundtrack live at the greek theatre	E
PlayMusic	 	play s t r e e t  d a d  from hiromitsu agatsuma through pandora 	E
BookRestaurant	 	book a reservation at tavern for noodle	E
GetWeather	 	what will the weather be in monument of lihula on december the 5th	E
AddToPlaylist	 	add an artist to jukebox boogie rhythm & blues	E
PlayMusic	 	play the top-20 nawang khechog soundtrack	E
AddToPlaylist	 	can you add larry heard to my laundry playlist	E
SearchCreativeWork	 	please look up three essays on the theory of sexuality show 	E
GetWeather	 	will there be hail on 11/12/2036 in singapore	E
AddToPlaylist	 	add the chris clark tune to my women of the blues playlist 	E
BookRestaurant	 	book a reservation for 1 at a diner in wi	E
PlayMusic	 	play modern psychedelia 	E
GetWeather	 	will it be hot in the netherlands on february 16th	E
SearchCreativeWork	 	looking for a game called phinally phamous	E
SearchCreativeWork	 	can you find me the work  bible translations into hawaii pidgin	E
BookRestaurant	 	book a table in fiji for zero a m	E
SearchCreativeWork	 	please look up the song the mad magician 	E
GetWeather	 	what s the humidity here right now	E
SearchCreativeWork	 	get me the trailer of good morning sunshine	E
BookRestaurant	 	i want to book a taverna in archer city for this spring for nine people 	E
AddToPlaylist	 	add track in my playlist called hands up	E
AddToPlaylist	 	add the artist to the political punks playlist 	E
BookRestaurant	 	i want to book a tea house that serves salade far from here at midnight in panama for two people 	E
AddToPlaylist	 	add we have a theme song to my house afterwork playlist	E
AddToPlaylist	 	add richard mcnamara newest song to the just smile playlist	E
SearchCreativeWork	 	can you find me the almost human painting	E
GetWeather	 	humidity not far from colorado city on november the 7th  2024	E
AddToPlaylist	 	put abe laboriel onto the escapada playlist 	E
BookRestaurant	 	book me a reservation for the best bistro	E
BookRestaurant	 	i want to book a restaurant in frenier 12 years from now for 4 people 	E
GetWeather	 	weather in walden russia on 12/26/2018	E
PlayMusic	 	play something on zvooq	E
AddToPlaylist	 	put vandemataram srinivas s track onto hiphop hot 50 	E
AddToPlaylist	 	add jo stafford music to the workout twerkout playlist	E
AddToPlaylist	 	please add the image of you to my playlist crate diggers anonymous	E
GetWeather	 	what is the forecast starting 11 weeks from now nearby the state of wisconsin	E
GetWeather	 	what is the forecast in north carolina for edgemoor	E
GetWeather	 	what s the weather forecast for bothe-napa valley state park close by february 20	E
SearchCreativeWork	 	please get me the sacred and profane love machine game 	E
PlayMusic	 	please play a sound track from the fifties that s on iheart	E
GetWeather	 	will it be freezing today in delaware and lehigh national heritage corridor	E
AddToPlaylist	 	add a song to indie hipster	E
SearchCreativeWork	 	can you find the american bison photograph	E
GetWeather	 	will it be warmer in the district of columbia on may 25  2033	E
BookRestaurant	 	book sot for 7 at a restaurant that serves european in stringtown on feb  the 28th  2034	E
AddToPlaylist	 	add the album to the might and myth power metal playlist 	E
GetWeather	 	tell me if it will be snowy 8 hours from now in mount airy  vi	E
BookRestaurant	 	i want to book a bougatsa restaurant in next year nearby penn for three people 	E
SearchCreativeWork	 	please search for mary 	E
PlayMusic	 	play some gary lee conner	E
SearchCreativeWork	 	please help me find the late night heartbroken blues television show 	E
BookRestaurant	 	like to book a seat in monaco for the yankee doodle coffee shop	E
SearchCreativeWork	 	please search for the television show  episodi di the blacklist 	E
BookRestaurant	 	book a reservation for 6 people for a creole tavern in montenegro	E
BookRestaurant	 	book a reservation for velma  ana and rebecca for an american pizzeria at 5 am in ma	E
PlayMusic	 	play chant s from 1973 	E
BookRestaurant	 	i want to book a table in a restaurant in bouvet island 	E
AddToPlaylist	 	add the artist adam deibert to my perfect concentration playlist 	E
BookRestaurant	 	book a reservation for an oyster bar	E
AddToPlaylist	 	add the song virales de siempre by the cary brothers to my gym playlist 	E
BookRestaurant	 	i want to book a restaurant in sixteen seconds for 5 people in gold point montana 	E
GetWeather	 	i need the weather in wakarusa	E
SearchCreativeWork	 	please search the an introduction to karl marx painting 	E
BookRestaurant	 	book a reservation for my mommy and i at a restaurant in central african republic	E
BookRestaurant	 	please book me a table at a pizzeria with a parking facility in ghana 	E
PlayMusic	 	play the greatest music from bryan maclean 	E
SearchCreativeWork	 	looking for a creative work called plant ecology	E
GetWeather	 	where is belgium located	E
GetWeather	 	will it be stormy in the ouachita national forest	E
GetWeather	 	will there be a cloud in vi in 14 minutes 	E
BookRestaurant	 	book spot for four at cliff house  san francisco in martinique	E
BookRestaurant	 	table for 5 a m  at baker s keyboard lounge	E
BookRestaurant	 	book spot for four at a indoor pub within the same area of louisiana in one minute 	E
SearchCreativeWork	 	please look up the novel  live to dance 	E
PlayMusic	 	i want to play music from iheart	E
AddToPlaylist	 	add this tune to dorthy s 80 s party playlist	E
GetWeather	 	will custer national forest be chillier at seven pm	E
SearchCreativeWork	 	get me the secret south song 	E
SearchCreativeWork	 	get me the elvis  christmas album tv show 	E
AddToPlaylist	 	add give us rest to my 70s smash hits playlist 	E
GetWeather	 	what kind of weather is forecast around one pm near vatican	E
BookRestaurant	 	i want to book a top-rated brasserie for 7 people 	E
BookRestaurant	 	i need a table in sacaton at a gluten free restaurant	E
PlayMusic	 	can you play top zvooq by fink	E
GetWeather	 	what will the weather be in dane on sep  the fifth  2030	E
GetWeather	 	will there be fog in tahquamenon falls state park	E
PlayMusic	 	please tune into chieko ochi s good music	E
SearchCreativeWork	 	search for the trailer for the office	E
PlayMusic	 	play sound track music from the twenties	E
GetWeather	 	what is the forecast for costa rica	E
SearchCreativeWork	 	please find me the saga  the deep six 	E
BookRestaurant	 	need a table somewhere in quarryville 14 hours from now	E
PlayMusic	 	play my inventive playlist	E
AddToPlaylist	 	add this tune to my sleepify playlist	E
BookRestaurant	 	book spot for 1 at town of ramsgate in merit	E
SearchCreativeWork	 	please look up the work  bachelor pad 	E
AddToPlaylist	 	add this album to the spanish beat playlist	E
AddToPlaylist	 	add michael wittig music to country icon playlist	E
PlayMusic	 	i want to hear music from allen toussaint from the fifties	E
GetWeather	 	what will the weather be not far from here on october the nineteenth  2026	E
PlayMusic	 	play some blues britânico 	E
SearchCreativeWork	 	please search the woodsmen of the west 	E
BookRestaurant	 	book a party at their campus within the same area for churrascaria	E
PlayMusic	 	play have you met miss jones by nicole from google music 	E
SearchCreativeWork	 	please look up and find me monty python live at the hollywood bowl 	E
SearchCreativeWork	 	please look up the tv series parables for wooden ears 	E
SearchCreativeWork	 	can you find me the sword with no name trailer	E
AddToPlaylist	 	add the artist mike to the sexy as folk playlist 	E
SearchCreativeWork	 	can you get me the message from god saga	E
PlayMusic	 	start playing something from iheart	E
PlayMusic	 	please play something catchy on youtube	E
PlayMusic	 	play a bob burns song	E
PlayMusic	 	play music by brian chase 	E
AddToPlaylist	 	add sarah slean to my playlist mellowed out gaming	E
AddToPlaylist	 	add beyond the valley of 1984 in playlist folk music at the gaslight café	E
GetWeather	 	how cold will it be here in 1 second 	E
BookRestaurant	 	book a reservation for 5 people at the top-rated brasserie restaurant	E
SearchCreativeWork	 	find the movie splendor in the grass	E
BookRestaurant	 	book a reservation for two at mickies dairy bar in weedsport	E
GetWeather	 	check the forecast for nebraska 	E
SearchCreativeWork	 	am looking for a book with the title free to play	E
SearchCreativeWork	 	could you find the tv series the approach	E
PlayMusic	 	play my black sabbath: the dio years playlist 	E
PlayMusic	 	play an ep by zak starkey 	E
PlayMusic	 	please play something from dihan slabbert that s on the top fifty	E
SearchCreativeWork	 	find four songs	E
AddToPlaylist	 	add the 40 cal tune to the laundry playlist 	E
PlayMusic	 	please play a 1997 record 	E
SearchCreativeWork	 	need the creative work called the logic of scientific discovery	E
SearchCreativeWork	 	can you please find me the saga chump change	E
AddToPlaylist	 	please add some pete townshend to my playlist fiesta hits con lali	E
AddToPlaylist	 	add millie corretjer to the rhythm playlist	E
SearchCreativeWork	 	find a creative work called fire in the hole	E
GetWeather	 	what is the forecast for morocco  at lake ozark on december seventeenth  2022	E
SearchCreativeWork	 	look for the book the girl who was plugged in 	E
PlayMusic	 	play the happy blues by ronnie wood 	E
BookRestaurant	 	book a table at a fried chicken restaurant	E
GetWeather	 	will it be chilly midday in cresbard afghanistan	E
BookRestaurant	 	i want to book tupelo honey cafe in new jersey for five people 	E
SearchCreativeWork	 	please look up show-biz blues photograph 	E
GetWeather	 	what will the weather be nineteen hours from now neighboring saint kitts and nevis	E
AddToPlaylist	 	add this track to my hands up playlist	E
BookRestaurant	 	i want to book a food truck for seven people in the republic of the congo 	E
GetWeather	 	i need to know the weather for jan  the 3rd in mexico when i go to port vue	E
SearchCreativeWork	 	please find me the projekt: the new face of goth 	E
GetWeather	 	what is the forecast for this afternoon for blizzard conditions in dieterich chad	E
SearchCreativeWork	 	could you locate the epic conditions picture	E
AddToPlaylist	 	can you put the artist giovanni giacomo gastoldi onto the chill out music playlist	E
PlayMusic	 	play a song by ramesh narayan from 1960	E
AddToPlaylist	 	add jonathan sprout album to my this is miranda lambert playlist	E
SearchCreativeWork	 	can you find me the work  the curse of oak island	E
GetWeather	 	what will the weather be in 1 day in kuwait	E
PlayMusic	 	please open zvooq	E
PlayMusic	 	put what color is your sky by alana davis on the stereo 	E
GetWeather	 	what is the forecast for ōtone prefectural natural park in 1 hour and within the same area	E
GetWeather	 	when will it be hot here	E
AddToPlaylist	 	a very cellular song needs to be added to my masters of metal playlist	E
BookRestaurant	 	table for breadline cafe in minnesota next friday	E
BookRestaurant	 	can you book me a table at windows on the world in cokeville   mi	E
SearchCreativeWork	 	search for the sound of one hand clapping	E
GetWeather	 	weather next year in dominica	E
GetWeather	 	weather in kaneville maryland	E
SearchCreativeWork	 	can you search the daring youth saga	E
AddToPlaylist	 	add the album to my perfect concentration playlist 	E
BookRestaurant	 	i want to eat by five pm in ne for a six people	E
BookRestaurant	 	book a reservation for the dome  edinburgh close to brooklawn	E
BookRestaurant	 	book seven in neighboring moorpark	E
BookRestaurant	 	book me and my nieces a reservation for a seafood restaurant in cle elum  ne on ascension day	E
AddToPlaylist	 	add highway patrolman in my playlist this is al green	E
GetWeather	 	how s the weather here at two am	E
PlayMusic	 	play music from van-pires by dmitry malikov 	E
PlayMusic	 	turn on last fm	E
GetWeather	 	what is the forecast for waurika in samoa	E
PlayMusic	 	play femme fatale by bonobo	E
PlayMusic	 	play music from the artist sean yseult and sort it through top-50	E
GetWeather	 	weather in two hours  in uzbekistan	E
AddToPlaylist	 	add a song to this is racionais mc s	E
SearchCreativeWork	 	please find me phineas redux 	E
BookRestaurant	 	book a reservation for five people for a tatar taverna in sargents	E
PlayMusic	 	please play something on iheart from artist ari gold last album	E
PlayMusic	 	i want to listen to an ep from 1998 	E
PlayMusic	 	play progressive metal 	E
SearchCreativeWork	 	can you please get me the book dracula 5: the blood legacy	E
PlayMusic	 	find and play a concerto on zvooq from 1978 by ginger pooley	E
PlayMusic	 	play the top music from the railway children off last fm 	E
SearchCreativeWork	 	find me the soundtrack a honeymoon adventure	E
AddToPlaylist	 	onto jerry s classical moments in movies  please add the album 	E
GetWeather	 	what s the weather going to be in knobel	E
AddToPlaylist	 	add a song in my all out 60s	E
PlayMusic	 	play rich sex on iheart	E
GetWeather	 	what will the weather be one second from now in chad	E
SearchCreativeWork	 	search for the tv show  a lawless street 	E
BookRestaurant	 	book spot for six  at 8 pm at a coffeehouse in ne that serves hog fry	E
